{
  "assetsByChunkName": {
    "vendors~app-account~app-confirmation~app-order": "chunk.725aebf89f2f1fdbc204.js",
    "vendors~app-account~app-checkout": "chunk.046b6a5fb45d5d0e4008.js",
    "vendors~app-cart~app-checkout": "chunk.5cb22cf320fdd777aa73.js",
    "admin": [
      "admin.541d850b955cbbfced81.js",
      "admin.541d850b955cbbfced81.js.map"
    ],
    "app-account": "chunk.5b84e62a8afa05419c8d.js",
    "app-checkout": "chunk.fb7c0f62bda05fbc851c.js",
    "app-confirmation": "chunk.a47545955ef584500904.js",
    "checkout": [
      "checkout.eadba2d63b277978e65a.js",
      "checkout.eadba2d63b277978e65a.js.map"
    ],
    "storefront": [
      "storefront.d1a39ad439888952d3cb.css",
      "storefront.147174790018fb70a45f.js",
      "storefront.d1a39ad439888952d3cb.css.map",
      "storefront.147174790018fb70a45f.js.map"
    ],
    "vendors~app-cart": "chunk.dba5a610d469a0f752cb.js",
    "vendors~app-order": "chunk.5ff41e8bff1f3f412f22.js"
  }
}