{
  "meta_title": "Batiston Soluções - Líder em Climatização",
  "meta_description": "Procurando soluções? Confira as opções que a Batiston Soluções separou para você. Aqui você encontra produtos exclusivos, melhores preços do mercado e muita variedade. Tornamos seu ambiente agradável!",
  "sections": [
    {
      "type": "banner-slider",
      "autoplay": 9000,
      "full_width": false,
      "slides": [
        {
          "start": "",
          "end": "",
          "img": "/img/uploads/home.jpg"
        }
      ]
    },
    {
      "type": "banner-slider",
      "autoplay": 9000,
      "full_width": false,
      "slides": [
        {
          "start": "",
          "end": "",
          "img": "/img/uploads/dedicacao-bs.png"
        }
      ]
    },
    {
      "type": "banner-slider",
      "autoplay": 9000,
      "full_width": false,
      "slides": [
        {
          "start": "",
          "end": "",
          "img": "/img/uploads/services.jpg"
        }
      ]
    },
    {
      "type": "banner-slider",
      "autoplay": 9000,
      "full_width": false,
      "slides": [
        {
          "start": "",
          "end": "",
          "img": "/img/uploads/5.jpg"
        }
      ]
    },
    {
      "type": "banner-slider",
      "autoplay": 9000,
      "full_width": false,
      "slides": [
        {
          "start": "",
          "end": "",
          "img": "/img/uploads/4.jpg"
        }
      ]
    },
    {
      "type": "banner-slider",
      "autoplay": 9000,
      "full_width": false,
      "slides": [
        {
          "start": "",
          "end": "",
          "img": "/img/uploads/7.jpg"
        }
      ]
    },
    {
      "type": "banner-slider",
      "autoplay": 9000,
      "full_width": false,
      "slides": [
        {
          "start": "",
          "end": "",
          "img": "/img/uploads/8.jpg"
        }
      ]
    }
  ]
}